Year,Bitcoin Price,Bitcoin Balance,Fiat Balance,Bitcoin Added,House,Stack/House,Bitcoin/House,Annual Expenses,Fiat MTHLY Exp,Bitcoin Expenses,BTC MTHLY Exp,Stack/Expenses,50% LTV 5% collateral Loan,50% LTV 10% Collateral Loan,50% LTV 15% Collateral Loan,50% LTV 20% Collateral Loan,,,,,,,,,
2025,"$114,268.74",0.00000000,$0.00,0.02625390,"$450,000.00",0.00%,3.94,"$60,000.00","$5,000.00",0.52507798,0.04375650,0.00%,$0.00,$0.00,$0.00,$0.00,,Investments,Annual Interest Rate,,YOUR INVESTMENT,Hours,Wage,,
2026,"$142,835.93",0.02625390,"$3,750.00",0.02100312,"$472,500.00",0.79%,3.31,"$63,000.00","$5,250.00",0.44106551,0.03675546,5.95%,$93.75,$187.50,$281.25,$375.00,,$250.00,25%,,"$24,000.00","$2,400.00",10,,
2027,"$178,544.91",0.04725702,"$8,437.50",0.01680250,"$496,125.00",1.70%,2.78,"$66,150.00","$5,512.50",0.37049502,0.03087459,12.76%,$210.94,$421.88,$632.81,$843.75,,,,,,,,,
2028,"$223,181.13",0.06405951,"$14,296.88",0.01344200,"$520,931.25",2.74%,2.33,"$69,457.50","$5,788.13",0.31121582,0.02593465,20.58%,$357.42,$714.84,"$1,072.27","$1,429.69",,Monthly Expenses,House Price,,Years,,,,
2029,"$278,976.42",0.07750151,"$21,621.09",0.01075360,"$546,977.81",3.95%,1.96,"$72,930.38","$6,077.53",0.26142129,0.02178511,29.65%,$540.53,"$1,081.05","$1,621.58","$2,162.11",,"$5,000.00","$450,000.00",,8,,,,
2030,"$348,720.52",0.08825511,"$30,776.37",0.00860288,"$574,326.70",5.36%,1.65,"$76,576.89","$6,381.41",0.21959388,0.01829949,40.19%,$769.41,"$1,538.82","$2,308.23","$3,077.64",,,,,2033,,,,
2031,"$435,900.65",0.09685799,"$42,220.46",0.00688230,"$603,043.04",7.00%,1.38,"$80,405.74","$6,700.48",0.18445886,0.01537157,52.51%,"$1,055.51","$2,111.02","$3,166.53","$4,222.05",,Cost of Living Increase,House Appreciation,,Bitcoin Price,,,YOUR INVESTMENT %,
2032,"$544,875.82",0.10374029,"$56,525.57",0.00550584,"$633,195.19",8.93%,1.16,"$84,426.03","$7,035.50",0.15494544,0.01291212,66.95%,"$1,413.14","$2,826.28","$4,239.42","$5,652.56",,5%,5%,,"$681,094.77",,,32.26%,
2033,"$681,094.77",0.10924613,"$74,406.97",0.00440467,"$664,854.95",11.19%,0.98,"$88,647.33","$7,387.28",0.13015417,0.01084618,83.94%,"$1,860.17","$3,720.35","$5,580.52","$7,440.70",,,,,,,,,
2034,"$851,368.46",0.11365080,"$96,758.71",0.00352374,"$698,097.70",13.86%,0.82,"$93,079.69","$7,756.64",0.10932951,0.00911079,103.95%,"$2,418.97","$4,837.94","$7,256.90","$9,675.87",,Frequency,Annual Compoundings,,How many Bitcoin will you have? (estimate),,,,"2,099,999,997,690,000"
2035,"$1,064,210.58",0.11717454,"$124,698.39",0.00281899,"$733,002.58",17.01%,0.69,"$97,733.68","$8,144.47",0.09183678,0.00765307,127.59%,"$3,117.46","$6,234.92","$9,352.38","$12,469.84",,Monthly,12,,0.10924613,,,,0.0000005202196621007%
2036,"$1,330,263.22",0.11999353,"$159,622.98",0.00225519,"$769,652.71",20.74%,0.58,"$102,620.36","$8,551.70",0.07714290,0.00642857,155.55%,"$3,990.57","$7,981.15","$11,971.72","$15,962.30",,,,,,,,,
2037,"$1,662,829.03",0.12224872,"$203,278.73",0.00180415,"$808,135.35",25.15%,0.49,"$107,751.38","$8,979.28",0.06480004,0.00540000,188.66%,"$5,081.97","$10,163.94","$15,245.90","$20,327.87",,,,,Portfolio Value,Bitcoiner Hourly Wage,,,
2038,"$2,078,536.29",0.12405288,"$257,848.41",0.00144332,"$848,542.11",30.39%,0.41,"$113,138.95","$9,428.25",0.05443203,0.00453600,227.90%,"$6,446.21","$12,892.42","$19,338.63","$25,784.84",,,,,"$74,406.97",31.00290298,,0.01%,
2039,"$2,598,170.36",0.12549620,"$326,060.51",0.00115466,"$890,969.22",36.60%,0.34,"$118,795.90","$9,899.66",0.04572290,0.00381024,274.47%,"$8,151.51","$16,303.03","$24,454.54","$32,606.05",,,,,GROWTH,,,,
2040,"$3,247,712.95",0.12665086,"$411,325.64",0.00092373,"$935,517.68",43.97%,0.29,"$124,735.69","$10,394.64",0.03840724,0.00320060,329.76%,"$10,283.14","$20,566.28","$30,849.42","$41,132.56",,,,,"$50,406.97",,,,
2041,"$4,059,641.19",0.12757459,"$517,907.05",0.00073898,"$982,293.56",52.72%,0.24,"$130,972.48","$10,914.37",0.03226208,0.00268851,395.43%,"$12,947.68","$25,895.35","$38,843.03","$51,790.71",,,,,,,,,
2042,"$5,074,551.49",0.12831357,"$651,133.81",0.00059119,"$1,031,408.24",63.13%,0.20,"$137,521.10","$11,460.09",0.02710015,0.00225835,473.48%,"$16,278.35","$32,556.69","$48,835.04","$65,113.38",,,,,,,,,
2043,"$6,343,189.36",0.12890475,"$817,667.27",0.00047295,"$1,082,978.66",75.50%,0.17,"$144,397.15","$12,033.10",0.02276412,0.00189701,566.26%,"$20,441.68","$40,883.36","$61,325.05","$81,766.73",,,,,,,,,
2044,"$7,928,986.70",0.12937770,"$1,025,834.09",0.00037836,"$1,137,127.59",90.21%,0.14,"$151,617.01","$12,634.75",0.01912186,0.00159349,676.60%,"$25,645.85","$51,291.70","$76,937.56","$102,583.41",,,,,,,,,
2045,"$9,911,233.37",0.12975606,"$1,286,042.61",0.00030269,"$1,193,983.97",107.71%,0.12,"$159,197.86","$13,266.49",0.01606237,0.00133853,807.83%,"$32,151.07","$64,302.13","$96,453.20","$128,604.26",,,,,,,,,
2046,"$12,389,041.71",0.13005875,"$1,611,303.26",0.00024215,"$1,253,683.17",128.53%,0.10,"$167,157.76","$13,929.81",0.01349239,0.00112437,963.94%,"$40,282.58","$80,565.16","$120,847.74","$161,130.33",,,,,,,,,
2047,"$15,486,302.14",0.13030090,"$2,017,879.07",0.00019372,"$1,316,367.32",153.29%,0.09,"$175,515.64","$14,626.30",0.01133361,0.00094447,1149.69%,"$50,446.98","$100,893.95","$151,340.93","$201,787.91",,,,,,,,,
2048,"$19,357,877.68",0.13049462,"$2,526,098.84",0.00015498,"$1,382,185.69",182.76%,0.07,"$184,291.43","$15,357.62",0.00952023,0.00079335,1370.71%,"$63,152.47","$126,304.94","$189,457.41","$252,609.88",,,,,,,,,
2049,"$24,197,347.10",0.13064959,"$3,161,373.55",0.00012398,"$1,451,294.97",217.83%,0.06,"$193,506.00","$16,125.50",0.00799699,0.00066642,1633.73%,"$79,034.34","$158,068.68","$237,103.02","$316,137.36",,,,,,,,,
2050,"$30,246,683.87",0.13077357,"$3,955,466.94",0.00009918,"$1,523,859.72",259.57%,0.05,"$203,181.30","$16,931.77",0.00671747,0.00055979,1946.77%,"$98,886.67","$197,773.35","$296,660.02","$395,546.69",,,,,,,,,
2051,"$37,808,354.84",0.13087276,"$4,948,083.68",0.00007935,"$1,600,052.71",309.25%,0.04,"$213,340.36","$17,778.36",0.00564268,0.00047022,2319.34%,"$123,702.09","$247,404.18","$371,106.28","$494,808.37",,,,,,,,,
2052,"$47,260,443.55",0.13095211,"$6,188,854.59",0.00006348,"$1,680,055.35",368.37%,0.04,"$224,007.38","$18,667.28",0.00473985,0.00039499,2762.79%,"$154,721.36","$309,442.73","$464,164.09","$618,885.46",,,,,,,,,
2053,"$59,075,554.43",0.13101558,"$7,739,818.24",0.00005078,"$1,764,058.11",438.75%,0.03,"$235,207.75","$19,600.65",0.00398147,0.00033179,3290.63%,"$193,495.46","$386,990.91","$580,486.37","$773,981.82",,,,,,,,,
2054,"$73,844,443.04",0.13106637,"$9,678,522.80",0.00004063,"$1,852,261.02",522.52%,0.03,"$246,968.14","$20,580.68",0.00334444,0.00027870,3918.94%,"$241,963.07","$483,926.14","$725,889.21","$967,852.28",,,,,,,,,
2055,"$92,305,553.80",0.13110699,"$12,101,903.50",0.00003250,"$1,944,874.07",622.25%,0.02,"$259,316.54","$21,609.71",0.00280933,0.00023411,4666.85%,"$302,547.59","$605,095.18","$907,642.76","$1,210,190.35",,,,,,,,,
2056,"$115,381,942.25",0.13113949,"$15,131,129.38",0.00002600,"$2,042,117.77",740.95%,0.02,"$272,282.37","$22,690.20",0.00235984,0.00019665,5557.15%,"$378,278.23","$756,556.47","$1,134,834.70","$1,513,112.94",,,,,,,,,
2057,"$144,227,427.82",0.13116549,"$18,917,661.73",0.00002080,"$2,144,223.66",882.26%,0.01,"$285,896.49","$23,824.71",0.00198226,0.00016519,6616.96%,"$472,941.54","$945,883.09","$1,418,824.63","$1,891,766.17",,,,,,,,,
2058,"$180,284,284.77",0.13118629,"$23,650,827.16",0.00001664,"$2,251,434.84",1050.48%,0.01,"$300,191.31","$25,015.94",0.00166510,0.00013876,7878.58%,"$591,270.68","$1,182,541.36","$1,773,812.04","$2,365,082.72",,,,,,,,,
2059,"$225,355,355.96",0.13120293,"$29,567,283.95",0.00001331,"$2,364,006.59",1250.73%,0.01,"$315,200.88","$26,266.74",0.00139868,0.00011656,9380.46%,"$739,182.10","$1,478,364.20","$2,217,546.30","$2,956,728.39",,,,,,,,,
2060,"$281,694,194.95",0.13121625,"$36,962,854.93",0.00001065,"$2,482,206.92",1489.11%,0.01,"$330,960.92","$27,580.08",0.00117489,0.00009791,11168.34%,"$924,071.37","$1,848,142.75","$2,772,214.12","$3,696,285.49",,,,,,,,,
2061,"$352,117,743.69",0.13122690,"$46,207,318.67",0.00000852,"$2,606,317.26",1772.90%,0.01,"$347,508.97","$28,959.08",0.00098691,0.00008224,13296.73%,"$1,155,182.97","$2,310,365.93","$3,465,548.90","$4,620,731.87",,,,,,,,,
2062,"$440,147,179.61",0.13123542,"$57,762,898.33",0.00000682,"$2,736,633.12",2110.73%,0.01,"$364,884.42","$30,407.03",0.00082901,0.00006908,15830.46%,"$1,444,072.46","$2,888,144.92","$4,332,217.37","$5,776,289.83",,,,,,,,,
2063,"$550,183,974.52",0.13124223,"$72,207,372.91",0.00000545,"$2,873,464.78",2512.90%,0.01,"$383,128.64","$31,927.39",0.00069636,0.00005803,18846.77%,"$1,805,184.32","$3,610,368.65","$5,415,552.97","$7,220,737.29",,,,,,,,,
2064,"$687,729,968.15",0.13124768,"$90,262,966.14",0.00000436,"$3,017,138.02",2991.68%,0.00,"$402,285.07","$33,523.76",0.00058495,0.00004875,22437.56%,"$2,256,574.15","$4,513,148.31","$6,769,722.46","$9,026,296.61",,,,,,,,,
2065,"$859,662,460.18",0.13125205,"$112,832,457.68",0.00000349,"$3,167,994.92",3561.64%,0.00,"$422,399.32","$35,199.94",0.00049135,0.00004095,26712.27%,"$2,820,811.44","$5,641,622.88","$8,462,434.33","$11,283,245.77",,,,,,,,,
2066,"$1,074,578,075.23",0.13125554,"$141,044,322.10",0.00000279,"$3,326,394.67",4240.16%,0.00,"$443,519.29","$36,959.94",0.00041274,0.00003439,31801.17%,"$3,526,108.05","$7,052,216.10","$10,578,324.16","$14,104,432.21",,,,,,,,,
2067,"$1,343,222,594.04",0.13125833,"$176,309,152.62",0.00000223,"$3,492,714.40",5047.91%,0.00,"$465,695.25","$38,807.94",0.00034670,0.00002889,37859.34%,"$4,407,728.82","$8,815,457.63","$13,223,186.45","$17,630,915.26",,,,,,,,,
2068,"$1,679,028,242.54",0.13126056,"$220,390,190.78",0.00000179,"$3,667,350.12",6009.52%,0.00,"$488,980.02","$40,748.33",0.00029123,0.00002427,45071.41%,"$5,509,754.77","$11,019,509.54","$16,529,264.31","$22,039,019.08",,,,,,,,,
2069,"$2,098,785,303.18",0.13126235,"$275,491,488.47",0.00000143,"$3,850,717.63",7154.29%,0.00,"$513,429.02","$42,785.75",0.00024463,0.00002039,53657.17%,"$6,887,287.21","$13,774,574.42","$20,661,861.64","$27,549,148.85",,,,,,,,,
2070,"$2,623,481,628.98",0.13126378,"$344,368,110.59",0.00000114,"$4,043,253.51",8517.10%,0.00,"$539,100.47","$44,925.04",0.00020549,0.00001712,63878.28%,"$8,609,202.76","$17,218,405.53","$25,827,608.29","$34,436,811.06",,,,,,,,,
2071,"$3,279,352,036.22",0.13126492,"$430,463,888.24",0.00000091,"$4,245,416.18",10139.50%,0.00,"$566,055.49","$47,171.29",0.00017261,0.00001438,76046.23%,"$10,761,597.21","$21,523,194.41","$32,284,791.62","$43,046,388.82",,,,,,,,,
2072,"$4,099,190,045.27",0.13126584,"$538,083,610.30",0.00000073,"$4,457,686.99",12070.92%,0.00,"$594,358.27","$49,529.86",0.00014499,0.00001208,90531.86%,"$13,452,090.26","$26,904,180.52","$40,356,270.77","$53,808,361.03",,,,,,,,,
2073,"$5,123,987,556.59",0.13126657,"$672,608,262.88",0.00000059,"$4,680,571.34",14370.22%,0.00,"$624,076.18","$52,006.35",0.00012180,0.00001015,107776.63%,"$16,815,206.57","$33,630,413.14","$50,445,619.72","$67,260,826.29",,,,,,,,,
2074,"$6,404,984,445.74",0.13126715,"$840,764,078.59",0.00000047,"$4,914,599.91",17107.48%,0.00,"$655,279.99","$54,606.67",0.00010231,0.00000853,128306.08%,"$21,019,101.96","$42,038,203.93","$63,057,305.89","$84,076,407.86",,,,,,,,,
2075,"$8,006,230,557.18",0.13126762,"$1,050,958,848.24",0.00000037,"$5,160,329.90",20366.12%,0.00,"$688,043.99","$57,337.00",0.00008594,0.00000716,152745.88%,"$26,273,971.21","$52,547,942.41","$78,821,913.62","$105,095,884.82",,,,,,,,,
2076,"$10,007,788,196.47",0.13126800,"$1,313,702,310.30",0.00000030,"$5,418,346.40",24245.45%,0.00,"$722,446.19","$60,203.85",0.00007219,0.00000602,181840.85%,"$32,842,557.76","$65,685,115.52","$98,527,673.27","$131,370,231.03",,,,,,,,,
2077,"$12,509,735,245.59",0.13126830,"$1,642,131,637.88",0.00000024,"$5,689,263.72",28863.69%,0.00,"$758,568.50","$63,214.04",0.00006064,0.00000505,216477.70%,"$41,053,290.95","$82,106,581.89","$123,159,872.84","$164,213,163.79",,,,,,,,,
2078,"$15,637,169,056.98",0.13126854,"$2,052,668,297.35",0.00000019,"$5,973,726.90",34361.60%,0.00,"$796,496.92","$66,374.74",0.00005094,0.00000424,257712.02%,"$51,316,707.43","$102,633,414.87","$153,950,122.30","$205,266,829.74",,,,,,,,,
2079,"$19,546,461,321.23",0.13126873,"$2,565,839,121.69",0.00000015,"$6,272,413.25",40906.73%,0.00,"$836,321.77","$69,693.48",0.00004279,0.00000357,306800.47%,"$64,145,978.04","$128,291,956.08","$192,437,934.13","$256,583,912.17",,,,,,,,,
2080,"$24,433,076,651.54",0.13126888,"$3,207,302,652.11",0.00000012,"$6,586,033.91",48698.54%,0.00,"$878,137.85","$73,178.15",0.00003594,0.00000300,365239.08%,"$80,182,566.30","$160,365,132.61","$240,547,698.91","$320,730,265.21",,,,,,,,,
2081,"$30,541,345,814.42",0.13126900,"$4,009,132,065.14",0.00000010,"$6,915,335.61",57974.51%,0.00,"$922,044.75","$76,837.06",0.00003019,0.00000252,434808.84%,"$100,228,301.63","$200,456,603.26","$300,684,904.89","$400,913,206.51",,,,,,,,,
2082,"$38,176,682,268.02",0.13126910,"$5,011,418,831.42",0.00000008,"$7,261,102.39",69017.33%,0.00,"$968,146.99","$80,678.92",0.00002536,0.00000211,517629.96%,"$125,285,470.79","$250,570,941.57","$375,856,412.36","$501,141,883.14",,,,,,,,,
2083,"$47,720,852,835.03",0.13126918,"$6,264,277,289.28",0.00000006,"$7,624,157.51",82163.53%,0.00,"$1,016,554.33","$84,712.86",0.00002130,0.00000178,616226.51%,"$156,606,932.23","$313,213,864.46","$469,820,796.70","$626,427,728.93",,,,,,,,,
2084,"$59,651,066,043.79",0.13126924,"$7,830,350,361.60",0.00000005,"$8,005,365.38",97813.78%,0.00,"$1,067,382.05","$88,948.50",0.00001789,0.00000149,733603.34%,"$195,758,759.04","$391,517,518.08","$587,276,277.12","$783,035,036.16",,,,,,,,,
2085,"$74,563,832,554.73",0.13126929,"$9,787,941,702.00",0.00000004,"$8,405,633.65",116445.02%,0.00,"$1,120,751.15","$93,395.93",0.00001503,0.00000125,873337.64%,"$244,698,542.55","$489,397,085.10","$734,095,627.65","$978,794,170.20",,,,,,,,,
2086,"$93,204,790,693.42",0.13126933,"$12,234,930,877.50",0.00000003,"$8,825,915.33",138625.07%,0.00,"$1,176,788.71","$98,065.73",0.00001263,0.00000105,1039687.99%,"$305,873,271.94","$611,746,543.87","$917,619,815.81","$1,223,493,087.75",,,,,,,,,
2087,"$116,505,988,366.77",0.13126937,"$15,293,667,346.87",0.00000003,"$9,267,211.10",165029.88%,0.00,"$1,235,628.15","$102,969.01",0.00001061,0.00000088,1237724.10%,"$382,341,683.67","$764,683,367.34","$1,147,025,051.02","$1,529,366,734.69",,,,,,,,,
2088,"$145,632,485,458.46",0.13126939,"$19,117,087,933.59",0.00000002,"$9,730,571.66",196464.18%,0.00,"$1,297,409.55","$108,117.46",0.00000891,0.00000074,1473481.36%,"$477,927,198.34","$955,854,396.68","$1,433,781,595.02","$1,911,708,793.36",,,,,,,,,
2089,"$182,040,606,823.08",0.13126941,"$23,896,363,666.99",0.00000002,"$10,217,100.24",233885.97%,0.00,"$1,362,280.03","$113,523.34",0.00000748,0.00000062,1754144.75%,"$597,409,091.67","$1,194,818,183.35","$1,792,227,275.02","$2,389,636,366.70",,,,,,,,,
2090,"$227,550,758,528.85",0.13126943,"$29,870,458,333.73",0.00000001,"$10,727,955.25",278435.71%,0.00,"$1,430,394.03","$119,199.50",0.00000629,0.00000052,2088267.82%,"$746,761,458.34","$1,493,522,916.69","$2,240,284,375.03","$2,987,045,833.37",,,,,,,,,
2091,"$284,438,448,161.06",0.13126944,"$37,338,076,667.17",0.00000001,"$11,264,353.01",331471.12%,0.00,"$1,501,913.74","$125,159.48",0.00000528,0.00000044,2486033.37%,"$933,451,916.68","$1,866,903,833.36","$2,800,355,750.04","$3,733,807,666.72",,,,,,,,,
2092,"$355,548,060,201.33",0.13126945,"$46,672,599,583.96",0.00000001,"$11,827,570.66",394608.50%,0.00,"$1,577,009.42","$131,417.45",0.00000444,0.00000037,2959563.78%,"$1,166,814,989.60","$2,333,629,979.20","$3,500,444,968.80","$4,667,259,958.40",,,,,,,,,
2093,"$444,435,075,251.66",0.13126946,"$58,340,753,229.95",0.00000001,"$12,418,949.20",469772.06%,0.00,"$1,655,859.89","$137,988.32",0.00000373,0.00000031,3523290.43%,"$1,458,518,830.75","$2,917,037,661.50","$4,375,556,492.25","$5,834,075,322.99",,,,,,,,,
2094,"$555,543,844,064.58",0.13126947,"$72,925,945,287.44",0.00000001,"$13,039,896.66",559252.48%,0.00,"$1,738,652.89","$144,887.74",0.00000313,0.00000026,4194393.59%,"$1,823,148,632.19","$3,646,297,264.37","$5,469,445,896.56","$7,292,594,528.74",,,,,,,,,
2095,"$694,429,805,080.72",0.13126947,"$91,157,435,359.29",0.00000000,"$13,691,891.49",665776.79%,0.00,"$1,825,585.53","$152,132.13",0.00000263,0.00000022,4993325.91%,"$2,278,935,883.98","$4,557,871,767.96","$6,836,807,651.95","$9,115,743,535.93",,,,,,,,,
2096,"$868,037,256,350.90",0.13126948,"$113,946,797,949.12",0.00000000,"$14,376,486.07",792591.44%,0.00,"$1,916,864.81","$159,738.73",0.00000221,0.00000018,5944435.80%,"$2,848,669,948.73","$5,697,339,897.46","$8,546,009,846.18","$11,394,679,794.91",,,,,,,,,
2097,"$1,085,046,570,438.62",0.13126948,"$142,433,501,186.40",0.00000000,"$15,095,310.37",943561.26%,0.00,"$2,012,708.05","$167,725.67",0.00000185,0.00000015,7076709.47%,"$3,560,837,529.66","$7,121,675,059.32","$10,682,512,588.98","$14,243,350,118.64",,,,,,,,,
2098,"$1,356,308,213,048.28",0.13126948,"$178,041,880,233.00",0.00000000,"$15,850,075.89",1123287.24%,0.00,"$2,113,343.45","$176,111.95",0.00000156,0.00000013,8424654.31%,"$4,451,047,005.82","$8,902,094,011.65","$13,353,141,017.47","$17,804,188,023.30",,,,,,,,,
2099,"$1,695,385,266,310.35",0.13126949,"$222,552,354,041.25",0.00000000,"$16,642,579.68",1337246.74%,0.00,"$2,219,010.62","$184,917.55",0.00000131,0.00000011,10029350.54%,"$5,563,808,851.03","$11,127,617,702.06","$16,691,426,553.09","$22,255,235,404.12",,,,,,,,,
2100,"$2,119,231,582,887.94",0.13126949,"$278,190,446,301.56",0.00000000,"$17,474,708.67",1591960.42%,0.00,"$2,329,961.16","$194,163.43",0.00000110,0.00000009,11939703.19%,"$6,954,761,157.54","$13,909,522,315.08","$20,864,283,472.62","$27,819,044,630.16",,,,,,,,,
2101,"$2,649,039,478,609.92",0.13126949,"$347,738,061,626.95",0.00000000,"$18,348,444.10",1895191.00%,0.00,"$2,446,459.21","$203,871.60",0.00000092,0.00000008,14213932.52%,"$8,693,451,540.67","$17,386,903,081.35","$26,080,354,622.02","$34,773,806,162.69",,,,,,,,,
2102,"$3,311,299,348,262.40",0.13126949,"$434,672,580,783.68",0.00000000,"$19,265,866.30",2256179.78%,0.00,"$2,568,782.17","$214,065.18",0.00000078,0.00000006,16921348.38%,"$10,866,814,519.59","$21,733,629,039.18","$32,600,443,558.78","$43,467,258,078.37",,,,,,,,,
2103,"$4,139,124,185,328.00",0.13126949,"$543,340,729,729.60",0.00000000,"$20,229,159.62",2685928.33%,0.00,"$2,697,221.28","$224,768.44",0.00000065,0.00000005,20144462.50%,"$13,583,518,243.24","$27,167,036,486.48","$40,750,554,729.72","$54,334,072,972.96",,,,,,,,,
2104,"$5,173,905,231,660.00",0.13126949,"$679,175,915,912.00",0.00000000,"$21,240,617.60",3197533.75%,0.00,"$2,832,082.35","$236,006.86",0.00000055,0.00000005,23981503.11%,"$16,979,397,897.80","$33,958,795,795.60","$50,938,193,693.40","$67,917,591,591.20",,,,,,,,,
2105,"$6,467,381,539,575.00",0.13126949,"$848,969,898,640.00",0.00000000,"$22,302,648.48",3806587.81%,0.00,"$2,973,686.46","$247,807.21",0.00000046,0.00000004,28549408.58%,"$21,224,247,466.00","$42,448,494,932.00","$63,672,742,398.00","$84,896,989,864.00",,,,,,,,,
2106,"$8,084,226,924,468.75",0.13126949,"$1,061,212,377,050.00",0.00000000,"$23,417,780.90",4531652.17%,0.00,"$3,122,370.79","$260,197.57",0.00000039,0.00000003,33987391.29%,"$26,530,309,426.25","$53,060,618,852.50","$79,590,928,278.75","$106,121,237,705.00",,,,,,,,,
2107,"$10,105,283,655,585.90",0.13126949,"$1,326,515,475,062.51",0.00000000,"$24,588,669.95",5394824.03%,0.00,"$3,278,489.33","$273,207.44",0.00000032,0.00000003,40461180.22%,"$33,162,886,876.56","$66,325,773,753.13","$99,488,660,629.69","$132,651,547,506.25",,,,,,,,,
2108,"$12,631,604,569,482.40",0.13126949,"$1,658,144,347,578.13",0.00000000,"$25,818,103.45",6422409.57%,0.00,"$3,442,413.79","$286,867.82",0.00000027,0.00000002,48168071.80%,"$41,453,608,689.45","$82,907,217,378.91","$124,360,826,068.36","$165,814,434,757.81",,,,,,,,,
2109,"$15,789,505,711,853.00",0.13126949,"$2,072,680,438,222.67",0.00000000,"$27,109,008.62",7645725.70%,0.00,"$3,614,534.48","$301,211.21",0.00000023,0.00000002,57342942.73%,"$51,817,010,955.57","$103,634,021,911.13","$155,451,032,866.70","$207,268,043,822.27",,,,,,,,,
2110,"$19,736,882,139,816.30",0.13126950,"$2,590,850,551,528.33",0.00000000,"$28,464,459.05",9102054.41%,0.00,"$3,795,261.21","$316,271.77",0.00000019,0.00000002,68265408.11%,"$64,771,263,788.21","$129,542,527,576.42","$194,313,791,364.63","$259,085,055,152.83",,,,,,,,,
2111,"$24,671,102,674,770.40",0.13126950,"$3,238,563,193,160.42",0.00000000,"$29,887,682.00",10835779.08%,0.00,"$3,985,024.27","$332,085.36",0.00000016,0.00000001,81268343.08%,"$80,964,079,829.01","$161,928,159,658.02","$242,892,239,487.03","$323,856,319,316.04",,,,,,,,,
2112,"$30,838,878,343,462.90",0.13126950,"$4,048,203,995,200.52",0.00000000,"$31,382,066.10",12899737.01%,0.00,"$4,184,275.48","$348,689.62",0.00000014,0.00000001,96748027.57%,"$101,205,099,880.01","$202,410,199,760.03","$303,615,299,640.04","$404,820,399,520.05",,,,,,,,,
2113,"$38,548,597,929,328.70",0.13126950,"$5,060,254,997,750.65",0.00000000,"$32,951,169.41",15356829.78%,0.00,"$4,393,489.25","$366,124.10",0.00000011,0.00000001,115176223.38%,"$126,506,374,943.77","$253,012,749,887.53","$379,519,124,831.30","$506,025,499,775.07",,,,,,,,,
2114,"$48,185,747,411,660.90",0.13126950,"$6,325,318,750,938.31",0.00000000,"$34,598,727.88",18281940.23%,0.00,"$4,613,163.72","$384,430.31",0.00000010,0.00000001,137114551.72%,"$158,132,968,773.46","$316,265,937,546.92","$474,398,906,320.37","$632,531,875,093.83",,,,,,,,,
2115,"$60,232,184,264,576.10",0.13126950,"$7,906,648,442,422.89",0.00000000,"$36,328,664.27",21764214.57%,0.00,"$4,843,821.90","$403,651.83",0.00000008,0.00000001,163231609.27%,"$197,666,211,060.57","$395,332,422,121.15","$592,998,633,181.72","$790,664,844,242.29",,,,,,,,,
2116,"$75,290,230,330,720.10",0.13126950,"$9,883,310,556,778.61",0.00000000,"$38,145,097.49",25909779.26%,0.00,"$5,086,013.00","$423,834.42",0.00000007,0.00000001,194323344.44%,"$247,082,763,919.47","$494,165,527,838.93","$741,248,291,758.40","$988,331,055,677.86",,,,,,,,,
2117,"$94,112,787,913,400.10",0.13126950,"$12,354,138,199,723.30",0.00000000,"$40,052,352.36",30844975.32%,0.00,"$5,340,313.65","$445,026.14",0.00000006,0.00000000,231337314.89%,"$308,853,454,993.08","$617,706,909,986.16","$926,560,364,979.25","$1,235,413,819,972.33",,,,,,,,,
2118,"$117,640,984,891,750.00",0.13126950,"$15,442,672,753,404.10",0.00000000,"$42,054,969.98",36720208.72%,0.00,"$5,607,329.33","$467,277.44",0.00000005,0.00000000,275401565.41%,"$386,066,818,835.10","$772,133,637,670.20","$1,158,200,456,505.31","$1,544,267,275,340.41",,,,,,,,,
2119,"$147,051,231,114,688.00",0.13126950,"$19,303,340,945,505.10",0.00000000,"$44,157,718.48",43714534.20%,0.00,"$5,887,695.80","$490,641.32",0.00000004,0.00000000,327859006.50%,"$482,583,523,637.63","$965,167,047,275.26","$1,447,750,570,912.88","$1,930,334,094,550.51",,,,,,,,,
2120,"$183,814,038,893,360.00",0.13126950,"$24,129,176,185,631.40",0.00000000,"$46,365,604.40",52041112.15%,0.00,"$6,182,080.59","$515,173.38",0.00000003,0.00000000,390308341.13%,"$603,229,404,640.78","$1,206,458,809,281.57","$1,809,688,213,922.35","$2,412,917,618,563.14",,,,,,,,,
2121,"$229,767,548,616,699.00",0.13126950,"$30,161,470,235,789.20",0.00000000,"$48,683,884.62",61953704.95%,0.00,"$6,491,184.62","$540,932.05",0.00000003,0.00000000,464652787.12%,"$754,036,755,894.73","$1,508,073,511,789.46","$2,262,110,267,684.19","$3,016,147,023,578.92",,,,,,,,,
2122,"$287,209,435,770,874.00",0.13126950,"$37,701,837,798,486.50",0.00000000,"$51,118,078.85",73754410.66%,0.00,"$6,815,743.85","$567,978.65",0.00000002,0.00000000,553158079.96%,"$942,545,944,962.16","$1,885,091,889,924.33","$2,827,637,834,886.49","$3,770,183,779,848.65",,,,,,,,,
2123,"$359,011,794,713,593.00",0.13126950,"$47,127,297,251,858.10",0.00000000,"$53,673,982.79",87802869.84%,0.00,"$7,156,531.04","$596,377.59",0.00000002,0.00000000,658521523.81%,"$1,178,182,431,296.45","$2,356,364,862,592.91","$3,534,547,293,889.36","$4,712,729,725,185.81",,,,,,,,,
2124,"$448,764,743,391,991.00",0.13126950,"$58,909,121,568,572.70",0.00000000,"$56,357,681.93",104527226.01%,0.00,"$7,514,357.59","$626,196.47",0.00000002,0.00000000,783954195.07%,"$1,472,728,039,214.32","$2,945,456,078,428.63","$4,418,184,117,642.95","$5,890,912,156,857.27",,,,,,,,,
2125,"$560,955,929,239,989.00",0.13126950,"$73,636,401,964,465.80",0.00000000,"$59,175,566.03",124437173.83%,0.00,"$7,890,075.47","$657,506.29",0.00000001,0.00000000,933278803.70%,"$1,840,910,049,111.65","$3,681,820,098,223.29","$5,522,730,147,334.94","$7,363,640,196,446.58",,,,,,,,,
2126,"$701,194,911,549,986.00",0.13126950,"$92,045,502,459,332.30",0.00000000,"$62,134,344.33",148139492.66%,0.00,"$8,284,579.24","$690,381.60",0.00000001,0.00000000,1111046194.92%,"$2,301,137,561,483.31","$4,602,275,122,966.62","$6,903,412,684,449.92","$9,204,550,245,933.23",,,,,,,,,
2127,"$876,493,639,437,483.00",0.13126950,"$115,056,878,077,915.00",0.00000000,"$65,241,061.55",176356538.88%,0.00,"$8,698,808.21","$724,900.68",0.00000001,0.00000000,1322674041.62%,"$2,876,421,951,947.89","$5,752,843,903,895.77","$8,629,265,855,843.65","$11,505,687,807,791.50",,,,,,,,,
2128,"$1,095,617,049,296,850.00",0.13126950,"$143,821,097,601,144.00",0.00000000,"$68,503,114.63",209948260.58%,0.00,"$9,133,748.62","$761,145.72",0.00000001,0.00000000,1574611954.35%,"$3,595,527,440,028.61","$7,191,054,880,057.21","$10,786,582,320,085.80","$14,382,109,760,114.40",,,,,,,,,
2129,"$1,369,521,311,621,070.00",0.13126950,"$179,776,372,005,180.00",0.00000000,"$71,928,270.36",249938405.46%,0.00,"$9,590,436.05","$799,203.00",0.00000001,0.00000000,1874538040.93%,"$4,494,409,300,129.51","$8,988,818,600,259.01","$13,483,227,900,388.50","$17,977,637,200,518.00",,,,,,,,,
2130,"$1,711,901,639,526,330.00",0.13126950,"$224,720,465,010,225.00",0.00000000,"$75,524,683.88",297545720.79%,0.00,"$10,069,957.85","$839,163.15",0.00000001,0.00000000,2231592905.91%,"$5,618,011,625,255.63","$11,236,023,250,511.30","$16,854,034,875,766.90","$22,472,046,501,022.50",,,,,,,,,
2131,"$2,139,877,049,407,920.00",0.13126950,"$280,900,581,266,532.00",0.00000000,"$79,300,918.07",354221096.18%,0.00,"$10,573,455.74","$881,121.31",0.00000000,0.00000000,2656658221.35%,"$7,022,514,531,663.29","$14,045,029,063,326.60","$21,067,543,594,989.90","$28,090,058,126,653.20",,,,,,,,,
2132,"$2,674,846,311,759,900.00",0.13126950,"$351,125,726,586,915.00",0.00000000,"$83,265,963.97",421691781.17%,0.00,"$11,102,128.53","$925,177.38",0.00000000,0.00000000,3162688358.79%,"$8,778,143,164,672.86","$17,556,286,329,345.70","$26,334,429,494,018.60","$35,112,572,658,691.50",,,,,,,,,
2133,"$3,343,557,889,699,870.00",0.13126950,"$438,907,158,237,393.00",0.00000000,"$87,429,262.17",502014025.21%,0.00,"$11,657,234.96","$971,436.25",0.00000000,0.00000000,3765105189.06%,"$10,972,678,955,934.80","$21,945,357,911,869.70","$32,918,036,867,804.50","$43,890,715,823,739.30",,,,,,,,,
2134,"$4,179,447,362,124,840.00",0.13126950,"$548,633,947,800,492.00",0.00000000,"$91,800,725.28",597635744.30%,0.00,"$12,240,096.70","$1,020,008.06",0.00000000,0.00000000,4482268082.25%,"$13,715,848,695,012.30","$27,431,697,390,024.60","$41,147,546,085,036.90","$54,863,394,780,049.20",,,,,,,,,
2135,"$5,224,309,202,656,050.00",0.13126950,"$685,792,434,754,364.00",0.00000000,"$96,390,761.54",711471124.17%,0.00,"$12,852,101.54","$1,071,008.46",0.00000000,0.00000000,5336033431.28%,"$17,144,810,868,859.10","$34,289,621,737,718.20","$51,434,432,606,577.30","$68,579,243,475,436.40",,,,,,,,,
2136,"$6,530,386,503,320,060.00",0.13126950,"$857,240,543,446,706.00",0.00000000,"$101,210,299.62",846989433.54%,0.00,"$13,494,706.62","$1,124,558.88",0.00000000,0.00000000,6352420751.55%,"$21,431,013,586,167.60","$42,862,027,172,335.30","$64,293,040,758,502.90","$85,724,054,344,670.60",,,,,,,,,
2137,"$8,162,983,129,150,070.00",0.13126950,"$1,071,550,679,312,130.00",0.00000000,"$106,270,814.60",1008320754.22%,0.00,"$14,169,441.95","$1,180,786.83",0.00000000,0.00000000,7562405656.63%,"$26,788,766,982,803.30","$53,577,533,965,606.60","$80,366,300,948,409.90","$107,155,067,931,213.00",,,,,,,,,
2138,"$10,203,728,911,437,600.00",0.13126950,"$1,339,438,349,143,910.00",0.00000000,"$111,584,355.33",1200381850.26%,0.00,"$14,877,914.04","$1,239,826.17",0.00000000,0.00000000,9002863876.97%,"$33,485,958,728,597.90","$66,971,917,457,195.70","$100,457,876,185,794.00","$133,943,834,914,391.00",,,,,,,,,
2139,"$12,754,661,139,297,000.00",0.13126950,"$1,674,297,936,433,640.00",0.00000000,"$117,163,573.10",1429026012.22%,0.00,"$15,621,809.75","$1,301,817.48",0.00000000,0.00000000,10717695091.65%,"$41,857,448,410,841.10","$83,714,896,821,682.20","$125,572,345,232,523.00","$167,429,793,643,364.00",,,,,,,,,
2140,"$15,943,326,424,121,200.00",0.13126950,"$2,092,872,420,545,800.00",0.00000000,"$123,021,751.75",1701221443.12%,0.00,"$16,402,900.23","$1,366,908.35",0.00000000,0.00000000,12759160823.42%,"$52,321,810,513,645.10","$104,643,621,027,290.00","$156,965,431,540,935.00","$209,287,242,054,580.00",,,,,,,,,
2141,"$19,929,158,030,151,500.00",0.13126950,"$2,616,090,525,686,010.00",0.00000000,"$129,172,839.34",2025263622.77%,0.00,"$17,223,045.25","$1,435,253.77",0.00000000,0.00000000,15189477170.76%,"$65,402,263,142,150.10","$130,804,526,284,300.00","$196,206,789,426,450.00","$261,609,052,568,601.00",,,,,,,,,
2142,"$24,911,447,537,689,400.00",0.13126950,"$3,270,113,157,111,260.00",0.00000000,"$135,631,481.31",2411028122.35%,0.00,"$18,084,197.51","$1,507,016.46",0.00000000,0.00000000,18082710917.59%,"$81,752,828,927,781.40","$163,505,657,855,563.00","$245,258,486,783,344.00","$327,011,315,711,126.00",,,,,,,,,
2143,"$31,139,309,422,111,800.00",0.13126950,"$4,087,641,446,392,820.00",0.00000000,"$142,413,055.37",2870271574.22%,0.00,"$18,988,407.38","$1,582,367.28",0.00000000,0.00000000,21527036806.67%,"$102,191,036,159,821.00","$204,382,072,319,641.00","$306,573,108,479,462.00","$408,764,144,639,282.00",,,,,,,,,
2144,"$38,924,136,777,639,700.00",0.13126950,"$5,109,551,807,994,780.00",0.00000000,"$149,533,708.14",3416989969.32%,0.00,"$19,937,827.75","$1,661,485.65",0.00000000,0.00000000,25627424769.87%,"$127,738,795,199,869.00","$255,477,590,399,739.00","$383,216,385,599,608.00","$510,955,180,799,478.00",,,,,,,,,
2145,"$48,655,170,972,049,700.00",0.13126950,"$6,386,939,759,997,220.00",0.00000000,"$157,010,393.55",4067845201.57%,0.00,"$20,934,719.14","$1,744,559.93",0.00000000,0.00000000,30508839011.76%,"$159,673,493,999,931.00","$319,346,987,999,861.00","$479,020,481,999,792.00","$638,693,975,999,722.00",,,,,,,,,
2146,"$60,818,963,715,062,100.00",0.13126950,"$7,983,674,700,000,280.00",0.00000000,"$164,860,913.23",4842672859.01%,0.00,"$21,981,455.10","$1,831,787.92",0.00000000,0.00000000,36320046442.59%,"$199,591,867,500,007.00","$399,183,735,000,014.00","$598,775,602,500,021.00","$798,367,470,000,028.00",,,,,,,,,
2147,"$76,023,704,643,827,600.00",0.13126950,"$9,979,593,375,004,090.00",0.00000000,"$173,103,958.89",5765086736.92%,0.00,"$23,080,527.85","$1,923,377.32",0.00000000,0.00000000,43238150526.91%,"$249,489,834,375,102.00","$498,979,668,750,205.00","$748,469,503,125,307.00","$997,959,337,500,410.00",,,,,,,,,
2148,"$95,029,630,804,784,500.00",0.13126950,"$12,474,491,718,758,900.00",0.00000000,"$181,759,156.83",6863198496.34%,0.00,"$24,234,554.24","$2,019,546.19",0.00000000,0.00000000,51473988722.53%,"$311,862,292,968,972.00","$623,724,585,937,943.00","$935,586,878,906,915.00","$1,247,449,171,875,890.00",,,,,,,,,
2149,"$118,787,038,505,981,000.00",0.13126950,"$15,593,114,648,452,300.00",0.00000000,"$190,847,114.68",8170474400.40%,0.00,"$25,446,281.96","$2,120,523.50",0.00000000,0.00000000,61278558003.03%,"$389,827,866,211,308.00","$779,655,732,422,617.00","$1,169,483,598,633,920.00","$1,559,311,464,845,230.00",,,,,,,,,
2150,"$148,483,798,132,476,000.00",0.13126950,"$19,491,393,310,569,200.00",0.00000000,"$200,389,470.41",9726755238.58%,0.00,"$26,718,596.05","$2,226,549.67",0.00000000,0.00000000,72950664289.33%,"$487,284,832,764,229.00","$974,569,665,528,459.00","$1,461,854,498,292,690.00","$1,949,139,331,056,920.00",,,,,,,,,
2151,"$185,604,747,665,595,000.00",0.13126950,"$24,364,241,638,215,200.00",,,,,"$28,054,525.86",,,0.00000000,,,"$1,218,212,081,910,760.00","$1,827,318,122,866,140.00","$2,436,424,163,821,520.00",,,,,,,,,